alpha,cl,cd,cm,ld,re,ncrit
-5.000000,-0.579200,0.007030,0.000100,-82.389758,7000000.000000,5.000000
-4.850000,-0.561900,0.006980,0.000100,-80.501433,7000000.000000,5.000000
-4.700000,-0.544700,0.006920,0.000200,-78.713873,7000000.000000,5.000000
-4.550000,-0.527200,0.006880,0.000200,-76.627907,7000000.000000,5.000000
-4.400000,-0.509900,0.006840,0.000200,-74.546784,7000000.000000,5.000000
-4.250000,-0.492600,0.006780,0.000200,-72.654867,7000000.000000,5.000000
-4.100000,-0.475200,0.006740,0.000300,-70.504451,7000000.000000,5.000000
-3.950000,-0.458000,0.006690,0.000300,-68.460389,7000000.000000,5.000000
-3.800000,-0.440600,0.006660,0.000300,-66.156156,7000000.000000,5.000000
-3.650000,-0.423200,0.006600,0.000300,-64.121212,7000000.000000,5.000000
-3.500000,-0.405900,0.006560,0.000300,-61.875000,7000000.000000,5.000000
-3.350000,-0.388400,0.006540,0.000300,-59.388379,7000000.000000,5.000000
-3.200000,-0.371100,0.006470,0.000300,-57.357032,7000000.000000,5.000000
-3.050000,-0.353600,0.006450,0.000300,-54.821705,7000000.000000,5.000000
-2.750000,-0.319000,0.006370,0.000300,-50.078493,7000000.000000,5.000000
-2.600000,-0.301600,0.006320,0.000300,-47.721519,7000000.000000,5.000000
-2.450000,-0.284100,0.006310,0.000300,-45.023772,7000000.000000,5.000000
-2.300000,-0.266800,0.006260,0.000300,-42.619808,7000000.000000,5.000000
-2.150000,-0.249400,0.006230,0.000300,-40.032103,7000000.000000,5.000000
-2.000000,-0.232000,0.006190,0.000300,-37.479806,7000000.000000,5.000000
-1.850000,-0.214600,0.006170,0.000300,-34.781199,7000000.000000,5.000000
-1.700000,-0.197200,0.006150,0.000200,-32.065041,7000000.000000,5.000000
-1.550000,-0.179900,0.006110,0.000200,-29.443535,7000000.000000,5.000000
-1.400000,-0.162400,0.006090,0.000200,-26.666667,7000000.000000,5.000000
-1.250000,-0.145000,0.006070,0.000200,-23.887974,7000000.000000,5.000000
-0.950000,-0.110100,0.006040,0.000100,-18.228477,7000000.000000,5.000000
-0.800000,-0.092900,0.006020,0.000100,-15.431894,7000000.000000,5.000000
-0.500000,-0.057900,0.006000,0.000100,-9.650000,7000000.000000,5.000000
-0.350000,-0.040600,0.005990,0.000100,-6.777963,7000000.000000,5.000000
-0.050000,-0.005700,0.005980,-0.000000,-0.953177,7000000.000000,5.000000
0.100000,0.011600,0.005990,-0.000000,1.936561,7000000.000000,5.000000
0.250000,0.029000,0.005980,-0.000000,4.849498,7000000.000000,5.000000
0.400000,0.046500,0.005980,-0.000100,7.775920,7000000.000000,5.000000
0.550000,0.063800,0.006000,-0.000100,10.633333,7000000.000000,5.000000
0.700000,0.081300,0.005990,-0.000100,13.572621,7000000.000000,5.000000
0.850000,0.098700,0.006020,-0.000100,16.395349,7000000.000000,5.000000
1.000000,0.116100,0.006050,-0.000200,19.190083,7000000.000000,5.000000
1.150000,0.133400,0.006060,-0.000200,22.013201,7000000.000000,5.000000
1.300000,0.150900,0.006070,-0.000200,24.859967,7000000.000000,5.000000
1.450000,0.168200,0.006100,-0.000200,27.573770,7000000.000000,5.000000
1.600000,0.185600,0.006120,-0.000200,30.326797,7000000.000000,5.000000
1.750000,0.203100,0.006140,-0.000300,33.078176,7000000.000000,5.000000
1.900000,0.220400,0.006190,-0.000300,35.605816,7000000.000000,5.000000
2.200000,0.255200,0.006250,-0.000300,40.832000,7000000.000000,5.000000
2.500000,0.290000,0.006310,-0.000300,45.958796,7000000.000000,5.000000
2.650000,0.307500,0.006340,-0.000300,48.501577,7000000.000000,5.000000
2.800000,0.324800,0.006380,-0.000300,50.909091,7000000.000000,5.000000
2.950000,0.342200,0.006420,-0.000300,53.302181,7000000.000000,5.000000
3.100000,0.359500,0.006460,-0.000300,55.650155,7000000.000000,5.000000
3.250000,0.377000,0.006490,-0.000300,58.089368,7000000.000000,5.000000
3.400000,0.394200,0.006540,-0.000300,60.275229,7000000.000000,5.000000
3.550000,0.411700,0.006570,-0.000300,62.663623,7000000.000000,5.000000
3.700000,0.428900,0.006630,-0.000300,64.690799,7000000.000000,5.000000
3.850000,0.446400,0.006660,-0.000300,67.027027,7000000.000000,5.000000
4.000000,0.463700,0.006710,-0.000300,69.105812,7000000.000000,5.000000
4.150000,0.481100,0.006750,-0.000300,71.274074,7000000.000000,5.000000
4.300000,0.498400,0.006800,-0.000300,73.294118,7000000.000000,5.000000
4.450000,0.515700,0.006860,-0.000200,75.174927,7000000.000000,5.000000
4.600000,0.533100,0.006890,-0.000200,77.373004,7000000.000000,5.000000
4.750000,0.550400,0.006940,-0.000200,79.308357,7000000.000000,5.000000
4.900000,0.567700,0.007010,-0.000100,80.984308,7000000.000000,5.000000
5.050000,0.585000,0.007040,-0.000100,83.096591,7000000.000000,5.000000
5.200000,0.602300,0.007090,-0.000100,84.950635,7000000.000000,5.000000
5.350000,0.619500,0.007160,0.000000,86.522346,7000000.000000,5.000000
5.500000,0.636800,0.007200,0.000000,88.444444,7000000.000000,5.000000
5.650000,0.654000,0.007260,0.000100,90.082645,7000000.000000,5.000000
5.800000,0.671200,0.007330,0.000200,91.568895,7000000.000000,5.000000
5.950000,0.688500,0.007380,0.000200,93.292683,7000000.000000,5.000000
6.100000,0.705800,0.007430,0.000300,94.993271,7000000.000000,5.000000
6.250000,0.722900,0.007490,0.000400,96.515354,7000000.000000,5.000000
6.400000,0.740000,0.007570,0.000500,97.754293,7000000.000000,5.000000
6.550000,0.757200,0.007630,0.000600,99.239843,7000000.000000,5.000000
6.700000,0.774400,0.007690,0.000600,100.702211,7000000.000000,5.000000
6.850000,0.791400,0.007770,0.000800,101.853282,7000000.000000,5.000000
7.000000,0.808400,0.007840,0.000900,103.112245,7000000.000000,5.000000
7.150000,0.825500,0.007910,0.001000,104.361568,7000000.000000,5.000000
7.300000,0.842600,0.007980,0.001100,105.588972,7000000.000000,5.000000
7.450000,0.859500,0.008060,0.001300,106.637717,7000000.000000,5.000000
7.600000,0.876400,0.008150,0.001400,107.533742,7000000.000000,5.000000
7.750000,0.893200,0.008240,0.001600,108.398058,7000000.000000,5.000000
7.900000,0.910100,0.008320,0.001800,109.387019,7000000.000000,5.000000
8.050000,0.927000,0.008400,0.002000,110.357143,7000000.000000,5.000000
8.200000,0.943800,0.008490,0.002100,111.166078,7000000.000000,5.000000
8.350000,0.960400,0.008580,0.002400,111.934732,7000000.000000,5.000000
8.500000,0.977000,0.008700,0.002600,112.298851,7000000.000000,5.000000
8.650000,0.993400,0.008810,0.002900,112.758229,7000000.000000,5.000000
8.800000,1.009900,0.008910,0.003200,113.344557,7000000.000000,5.000000
8.950000,1.026400,0.009010,0.003500,113.917869,7000000.000000,5.000000
9.100000,1.042700,0.009110,0.003800,114.456641,7000000.000000,5.000000
9.250000,1.058900,0.009230,0.004100,114.723727,7000000.000000,5.000000
9.400000,1.074900,0.009360,0.004500,114.839744,7000000.000000,5.000000
9.550000,1.090600,0.009500,0.004900,114.800000,7000000.000000,5.000000
9.700000,1.106700,0.009650,0.005300,114.683938,7000000.000000,5.000000
9.850000,1.122300,0.009790,0.005800,114.637385,7000000.000000,5.000000
10.000000,1.138700,0.009930,0.006100,114.672709,7000000.000000,5.000000
10.150000,1.155800,0.010070,0.006200,114.776564,7000000.000000,5.000000
10.300000,1.173200,0.010220,0.006300,114.794521,7000000.000000,5.000000
10.450000,1.190500,0.010380,0.006400,114.691715,7000000.000000,5.000000
10.600000,1.207600,0.010550,0.006500,114.464455,7000000.000000,5.000000
10.750000,1.226300,0.010730,0.006300,114.287046,7000000.000000,5.000000
10.900000,1.244700,0.010930,0.006100,113.879231,7000000.000000,5.000000
11.050000,1.262800,0.011130,0.006000,113.459119,7000000.000000,5.000000
11.200000,1.280700,0.011330,0.006000,113.036187,7000000.000000,5.000000
11.350000,1.298500,0.011530,0.005900,112.619254,7000000.000000,5.000000
11.500000,1.314300,0.011710,0.006300,112.237404,7000000.000000,5.000000
11.650000,1.329500,0.011890,0.006900,111.816653,7000000.000000,5.000000
11.800000,1.344900,0.012070,0.007400,111.425021,7000000.000000,5.000000
11.950000,1.360200,0.012270,0.007900,110.855746,7000000.000000,5.000000
12.100000,1.375500,0.012460,0.008400,110.393258,7000000.000000,5.000000
12.250000,1.390700,0.012670,0.008900,109.763220,7000000.000000,5.000000
12.400000,1.405700,0.012890,0.009400,109.053530,7000000.000000,5.000000
12.550000,1.420600,0.013130,0.010000,108.194973,7000000.000000,5.000000
12.700000,1.435400,0.013370,0.010500,107.359761,7000000.000000,5.000000
12.850000,1.450100,0.013620,0.011100,106.468429,7000000.000000,5.000000
13.000000,1.464600,0.013880,0.011700,105.518732,7000000.000000,5.000000
13.150000,1.479000,0.014140,0.012300,104.596888,7000000.000000,5.000000
13.300000,1.493400,0.014400,0.012900,103.708333,7000000.000000,5.000000
13.450000,1.507700,0.014660,0.013600,102.844475,7000000.000000,5.000000
13.600000,1.522000,0.014920,0.014200,102.010724,7000000.000000,5.000000
13.750000,1.536100,0.015180,0.014900,101.192358,7000000.000000,5.000000
13.900000,1.550000,0.015450,0.015600,100.323625,7000000.000000,5.000000
14.050000,1.563700,0.015730,0.016300,99.408773,7000000.000000,5.000000
14.200000,1.577100,0.016020,0.017000,98.445693,7000000.000000,5.000000
14.350000,1.590300,0.016320,0.017800,97.444853,7000000.000000,5.000000
14.500000,1.603200,0.016630,0.018600,96.404089,7000000.000000,5.000000
14.650000,1.615600,0.016960,0.019500,95.259434,7000000.000000,5.000000
14.800000,1.627800,0.017290,0.020400,94.146906,7000000.000000,5.000000
14.950000,1.639200,0.017640,0.021400,92.925170,7000000.000000,5.000000
15.100000,1.649700,0.018000,0.022600,91.650000,7000000.000000,5.000000
15.250000,1.658300,0.018370,0.024000,90.272183,7000000.000000,5.000000
15.400000,1.666300,0.018760,0.025500,88.821962,7000000.000000,5.000000
15.550000,1.674100,0.019190,0.027000,87.238145,7000000.000000,5.000000
15.700000,1.681500,0.019650,0.028400,85.572519,7000000.000000,5.000000
15.850000,1.688800,0.020140,0.029800,83.853029,7000000.000000,5.000000
16.000000,1.695700,0.020670,0.031100,82.036768,7000000.000000,5.000000
16.150000,1.702200,0.021240,0.032400,80.141243,7000000.000000,5.000000
16.300000,1.708100,0.021870,0.033700,78.102423,7000000.000000,5.000000
16.450000,1.713800,0.022540,0.034900,76.033718,7000000.000000,5.000000
16.600000,1.719300,0.023250,0.036000,73.948387,7000000.000000,5.000000
16.750000,1.724200,0.024040,0.037000,71.722130,7000000.000000,5.000000
16.900000,1.728700,0.024890,0.037900,69.453596,7000000.000000,5.000000
17.050000,1.733300,0.025770,0.038800,67.260380,7000000.000000,5.000000
17.200000,1.737500,0.026720,0.039500,65.026198,7000000.000000,5.000000
17.350000,1.741600,0.027730,0.040100,62.805626,7000000.000000,5.000000
17.500000,1.745000,0.028850,0.040600,60.485269,7000000.000000,5.000000
17.650000,1.747800,0.030050,0.041100,58.163062,7000000.000000,5.000000
17.800000,1.749700,0.031390,0.041300,55.740682,7000000.000000,5.000000
17.950000,1.751300,0.032810,0.041500,53.377019,7000000.000000,5.000000
18.100000,1.752000,0.034390,0.041500,50.945042,7000000.000000,5.000000
18.250000,1.751900,0.036100,0.041300,48.529086,7000000.000000,5.000000
18.400000,1.750600,0.037980,0.041000,46.092680,7000000.000000,5.000000
18.550000,1.748600,0.040010,0.040500,43.704074,7000000.000000,5.000000
18.700000,1.745300,0.042250,0.039900,41.308876,7000000.000000,5.000000
18.850000,1.740900,0.044660,0.039100,38.981191,7000000.000000,5.000000
19.000000,1.734900,0.047290,0.038100,36.686403,7000000.000000,5.000000
19.150000,1.727400,0.050170,0.036900,34.430935,7000000.000000,5.000000
19.300000,1.718400,0.053310,0.035500,32.234102,7000000.000000,5.000000
19.450000,1.707900,0.056650,0.034000,30.148279,7000000.000000,5.000000
19.600000,1.694800,0.060390,0.032200,28.064249,7000000.000000,5.000000
19.750000,1.680500,0.064350,0.030300,26.114996,7000000.000000,5.000000
19.900000,1.663400,0.068760,0.028000,24.191390,7000000.000000,5.000000
20.050000,1.643900,0.073490,0.025500,22.369030,7000000.000000,5.000000
20.200000,1.622900,0.078510,0.022900,20.671252,7000000.000000,5.000000
20.350000,1.597700,0.084240,0.019800,18.966049,7000000.000000,5.000000
20.500000,1.572200,0.090000,0.016600,17.468889,7000000.000000,5.000000
20.650000,1.541600,0.096630,0.012900,15.953638,7000000.000000,5.000000
20.800000,1.509100,0.103680,0.008900,14.555363,7000000.000000,5.000000
20.950000,1.475600,0.110910,0.004700,13.304481,7000000.000000,5.000000
21.100000,1.436900,0.119200,-0.000200,12.054530,7000000.000000,5.000000
21.250000,1.401400,0.127180,-0.005100,11.019028,7000000.000000,5.000000
21.400000,1.366400,0.135200,-0.010100,10.106509,7000000.000000,5.000000
21.550000,1.321000,0.145420,-0.016700,9.084032,7000000.000000,5.000000
21.700000,1.286500,0.154060,-0.022500,8.350643,7000000.000000,5.000000
21.850000,1.253500,0.162650,-0.028300,7.706732,7000000.000000,5.000000
22.000000,1.222100,0.171350,-0.034300,7.132186,7000000.000000,5.000000
22.150000,1.194200,0.179750,-0.040300,6.643672,7000000.000000,5.000000
22.300000,1.170100,0.187680,-0.045900,6.234548,7000000.000000,5.000000
22.600000,1.139400,0.200110,-0.054700,5.693868,7000000.000000,5.000000
22.750000,1.124500,0.206540,-0.059300,5.444466,7000000.000000,5.000000
22.900000,1.110900,0.212860,-0.063800,5.218923,7000000.000000,5.000000
23.050000,1.107900,0.216570,-0.066500,5.115667,7000000.000000,5.000000
